MaterialCode,MaterialName,Category,Unit,PackSize,ModalityScope,ProcedureMappingTags,ChargeCode,BillingRef_Example,TypicalCost_SAR,DefaultPrice_SAR,Notes,GenericName,BrandName,FormStrength,Route,TypicalAdultDose,TypicalPedsDose,HalfLife,Storage,Manufacturer,Contraindications,DefaultConcentrationMgMl,DefaultInjectionRateMlS,Indications,Osmolality,Department,AutoConsumption,UOM
AAML-RAD-00001,Iohexol - Omnipaque - 300 mgI/mL / 200 mL,Contrast Media,bottle,200 mL,CT|IR|Cath,CT_Contrast|CTA|Cardiac_CT,CHG-RAD-00001,CHG-RAD-00001,120,260,"Document route, lot, dose and adverse reaction status.",Iohexol,Omnipaque,300 mgI/mL / 200 mL,IV,1-2 mL/kg (max 150 mL),1-2 mL/kg (max per protocol),,"Room (20-25C), may warm before injection",Guerbet,Prior severe contrast reaction; renal-risk protocol in CKD/AKI,300,2-3,CT abdomen/chest,Low,Radiology,1 per CT contrast exam,bottle
AAML-RAD-00002,Iohexol - Omnipaque - 300 mgI/mL / 50 mL,Contrast Media,bottle,50 mL,CT|IR|Cath,CT_Contrast|CTA|Cardiac_CT,CHG-RAD-00002,CHG-RAD-00002,120,260,"Document route, lot, dose and adverse reaction status.",Iohexol,Omnipaque,300 mgI/mL / 50 mL,IV,1-2 mL/kg (max 150 mL),1-2 mL/kg (max per protocol),,"Room (20-25C), may warm before injection",Bayer,Prior severe contrast reaction; renal-risk protocol in CKD/AKI,300,2-3,CT abdomen/chest,Low,Radiology,1 per CT contrast exam,bottle
AAML-RAD-00003,Iohexol - Omnipaque - 300 mgI/mL / 150 mL,Contrast Media,bottle,150 mL,CT|IR|Cath,CT_Contrast|CTA|Cardiac_CT,CHG-RAD-00003,CHG-RAD-00003,120,260,"Document route, lot, dose and adverse reaction status.",Iohexol,Omnipaque,300 mgI/mL / 150 mL,IV,1-2 mL/kg (max 150 mL),1-2 mL/kg (max per protocol),,"Room (20-25C), may warm before injection",Bayer,Prior severe contrast reaction; renal-risk protocol in CKD/AKI,300,2-3,CT abdomen/chest,Low,Radiology,1 per CT contrast exam,bottle
AAML-RAD-00004,Iohexol - Omnipaque - 300 mgI/mL / 100 mL,Contrast Media,bottle,100 mL,CT|IR|Cath,CT_Contrast|CTA|Cardiac_CT,CHG-RAD-00004,CHG-RAD-00004,120,260,"Document route, lot, dose and adverse reaction status.",Iohexol,Omnipaque,300 mgI/mL / 100 mL,IV,1-2 mL/kg (max 150 mL),1-2 mL/kg (max per protocol),,"Room (20-25C), may warm before injection",Bayer,Prior severe contrast reaction; renal-risk protocol in CKD/AKI,300,2-3,CT abdomen/chest,Low,Radiology,1 per CT contrast exam,bottle
AAML-RAD-00005,Iohexol - Omnipaque - 350 mgI/mL / 200 mL,Contrast Media,bottle,200 mL,CT|IR|Cath,CT_Contrast|CTA|Cardiac_CT,CHG-RAD-00005,CHG-RAD-00005,120,260,"Document route, lot, dose and adverse reaction status.",Iohexol,Omnipaque,350 mgI/mL / 200 mL,IV,70-120 mL,1-2 mL/kg (max per protocol),,"Room (20-25C), may warm before injection",Bracco,Prior severe contrast reaction; renal-risk protocol in CKD/AKI,350,4-6,CT angiography,Low,Radiology,1 per CT contrast exam,bottle
AAML-RAD-00006,Iohexol - Omnipaque - 350 mgI/mL / 50 mL,Contrast Media,bottle,50 mL,CT|IR|Cath,CT_Contrast|CTA|Cardiac_CT,CHG-RAD-00006,CHG-RAD-00006,120,260,"Document route, lot, dose and adverse reaction status.",Iohexol,Omnipaque,350 mgI/mL / 50 mL,IV,70-120 mL,1-2 mL/kg (max per protocol),,"Room (20-25C), may warm before injection",GE Healthcare,Prior severe contrast reaction; renal-risk protocol in CKD/AKI,350,4-6,CT angiography,Low,Radiology,1 per CT contrast exam,bottle
AAML-RAD-00007,Iohexol - Omnipaque - 350 mgI/mL / 150 mL,Contrast Media,bottle,150 mL,CT|IR|Cath,CT_Contrast|CTA|Cardiac_CT,CHG-RAD-00007,CHG-RAD-00007,120,260,"Document route, lot, dose and adverse reaction status.",Iohexol,Omnipaque,350 mgI/mL / 150 mL,IV,70-120 mL,1-2 mL/kg (max per protocol),,"Room (20-25C), may warm before injection",GE Healthcare,Prior severe contrast reaction; renal-risk protocol in CKD/AKI,350,4-6,CT angiography,Low,Radiology,1 per CT contrast exam,bottle
AAML-RAD-00008,Iohexol - Omnipaque - 350 mgI/mL / 100 mL,Contrast Media,bottle,100 mL,CT|IR|Cath,CT_Contrast|CTA|Cardiac_CT,CHG-RAD-00008,CHG-RAD-00008,120,260,"Document route, lot, dose and adverse reaction status.",Iohexol,Omnipaque,350 mgI/mL / 100 mL,IV,70-120 mL,1-2 mL/kg (max per protocol),,"Room (20-25C), may warm before injection",GE Healthcare,Prior severe contrast reaction; renal-risk protocol in CKD/AKI,350,4-6,CT angiography,Low,Radiology,1 per CT contrast exam,bottle
AAML-RAD-00009,Iopamidol - Isovue - 300 mgI/mL / 75 mL,Contrast Media,bottle,75 mL,CT|IR|Cath,CT_Contrast|CTA|Cardiac_CT,CHG-RAD-00009,CHG-RAD-00009,120,260,"Document route, lot, dose and adverse reaction status.",Iopamidol,Isovue,300 mgI/mL / 75 mL,IV,1.5 mL/kg,1-2 mL/kg (max per protocol),,"Room (20-25C), may warm before injection",Bayer,Prior severe contrast reaction; renal-risk protocol in CKD/AKI,300,2-3,General CT imaging,Low,Radiology,1 per CT contrast exam,bottle
AAML-RAD-00010,Iopamidol - Isovue - 300 mgI/mL / 200 mL,Contrast Media,bottle,200 mL,CT|IR|Cath,CT_Contrast|CTA|Cardiac_CT,CHG-RAD-00010,CHG-RAD-00010,120,260,"Document route, lot, dose and adverse reaction status.",Iopamidol,Isovue,300 mgI/mL / 200 mL,IV,1.5 mL/kg,1-2 mL/kg (max per protocol),,"Room (20-25C), may warm before injection",Bracco,Prior severe contrast reaction; renal-risk protocol in CKD/AKI,300,2-3,General CT imaging,Low,Radiology,1 per CT contrast exam,bottle
AAML-RAD-00011,Iopamidol - Isovue - 300 mgI/mL / 50 mL,Contrast Media,bottle,50 mL,CT|IR|Cath,CT_Contrast|CTA|Cardiac_CT,CHG-RAD-00011,CHG-RAD-00011,120,260,"Document route, lot, dose and adverse reaction status.",Iopamidol,Isovue,300 mgI/mL / 50 mL,IV,1.5 mL/kg,1-2 mL/kg (max per protocol),,"Room (20-25C), may warm before injection",Bayer,Prior severe contrast reaction; renal-risk protocol in CKD/AKI,300,2-3,General CT imaging,Low,Radiology,1 per CT contrast exam,bottle
AAML-RAD-00012,Iopamidol - Isovue - 300 mgI/mL / 100 mL,Contrast Media,bottle,100 mL,CT|IR|Cath,CT_Contrast|CTA|Cardiac_CT,CHG-RAD-00012,CHG-RAD-00012,120,260,"Document route, lot, dose and adverse reaction status.",Iopamidol,Isovue,300 mgI/mL / 100 mL,IV,1.5 mL/kg,1-2 mL/kg (max per protocol),,"Room (20-25C), may warm before injection",Bracco,Prior severe contrast reaction; renal-risk protocol in CKD/AKI,300,2-3,General CT imaging,Low,Radiology,1 per CT contrast exam,bottle
AAML-RAD-00013,Iopamidol - Isovue - 370 mgI/mL / 150 mL,Contrast Media,bottle,150 mL,CT|IR|Cath,CT_Contrast|CTA|Cardiac_CT,CHG-RAD-00013,CHG-RAD-00013,120,260,"Document route, lot, dose and adverse reaction status.",Iopamidol,Isovue,370 mgI/mL / 150 mL,IV,80-120 mL,1-2 mL/kg (max per protocol),,"Room (20-25C), may warm before injection",Bracco,Prior severe contrast reaction; renal-risk protocol in CKD/AKI,370,4-6,CT angiography,Low,Radiology,1 per CT contrast exam,bottle
AAML-RAD-00014,Iopamidol - Isovue - 370 mgI/mL / 100 mL,Contrast Media,bottle,100 mL,CT|IR|Cath,CT_Contrast|CTA|Cardiac_CT,CHG-RAD-00014,CHG-RAD-00014,120,260,"Document route, lot, dose and adverse reaction status.",Iopamidol,Isovue,370 mgI/mL / 100 mL,IV,80-120 mL,1-2 mL/kg (max per protocol),,"Room (20-25C), may warm before injection",Guerbet,Prior severe contrast reaction; renal-risk protocol in CKD/AKI,370,4-6,CT angiography,Low,Radiology,1 per CT contrast exam,bottle
AAML-RAD-00015,Iopamidol - Isovue - 370 mgI/mL / 50 mL,Contrast Media,bottle,50 mL,CT|IR|Cath,CT_Contrast|CTA|Cardiac_CT,CHG-RAD-00015,CHG-RAD-00015,120,260,"Document route, lot, dose and adverse reaction status.",Iopamidol,Isovue,370 mgI/mL / 50 mL,IV,80-120 mL,1-2 mL/kg (max per protocol),,"Room (20-25C), may warm before injection",Guerbet,Prior severe contrast reaction; renal-risk protocol in CKD/AKI,370,4-6,CT angiography,Low,Radiology,1 per CT contrast exam,bottle
AAML-RAD-00016,Iopamidol - Isovue - 370 mgI/mL / 125 mL,Contrast Media,bottle,125 mL,CT|IR|Cath,CT_Contrast|CTA|Cardiac_CT,CHG-RAD-00016,CHG-RAD-00016,120,260,"Document route, lot, dose and adverse reaction status.",Iopamidol,Isovue,370 mgI/mL / 125 mL,IV,80-120 mL,1-2 mL/kg (max per protocol),,"Room (20-25C), may warm before injection",Bayer,Prior severe contrast reaction; renal-risk protocol in CKD/AKI,370,4-6,CT angiography,Low,Radiology,1 per CT contrast exam,bottle
AAML-RAD-00017,Iodixanol - Visipaque - 270 mgI/mL / 75 mL,Contrast Media,bottle,75 mL,CT|IR|Cath,CT_Contrast|CTA|Cardiac_CT,CHG-RAD-00017,CHG-RAD-00017,120,260,"Document route, lot, dose and adverse reaction status.",Iodixanol,Visipaque,270 mgI/mL / 75 mL,IV,80-150 mL,1-2 mL/kg (max per protocol),,"Room (20-25C), may warm before injection",Bracco,Prior severe contrast reaction; renal-risk protocol in CKD/AKI,270,5-7,Cardiac CT,Iso-osmolar,Radiology,1 per CT contrast exam,bottle
AAML-RAD-00018,Iodixanol - Visipaque - 270 mgI/mL / 100 mL,Contrast Media,bottle,100 mL,CT|IR|Cath,CT_Contrast|CTA|Cardiac_CT,CHG-RAD-00018,CHG-RAD-00018,120,260,"Document route, lot, dose and adverse reaction status.",Iodixanol,Visipaque,270 mgI/mL / 100 mL,IV,80-150 mL,1-2 mL/kg (max per protocol),,"Room (20-25C), may warm before injection",GE Healthcare,Prior severe contrast reaction; renal-risk protocol in CKD/AKI,270,5-7,Cardiac CT,Iso-osmolar,Radiology,1 per CT contrast exam,bottle
AAML-RAD-00019,Iodixanol - Visipaque - 270 mgI/mL / 50 mL,Contrast Media,bottle,50 mL,CT|IR|Cath,CT_Contrast|CTA|Cardiac_CT,CHG-RAD-00019,CHG-RAD-00019,120,260,"Document route, lot, dose and adverse reaction status.",Iodixanol,Visipaque,270 mgI/mL / 50 mL,IV,80-150 mL,1-2 mL/kg (max per protocol),,"Room (20-25C), may warm before injection",Guerbet,Prior severe contrast reaction; renal-risk protocol in CKD/AKI,270,5-7,Cardiac CT,Iso-osmolar,Radiology,1 per CT contrast exam,bottle
AAML-RAD-00020,Iodixanol - Visipaque - 270 mgI/mL / 125 mL,Contrast Media,bottle,125 mL,CT|IR|Cath,CT_Contrast|CTA|Cardiac_CT,CHG-RAD-00020,CHG-RAD-00020,120,260,"Document route, lot, dose and adverse reaction status.",Iodixanol,Visipaque,270 mgI/mL / 125 mL,IV,80-150 mL,1-2 mL/kg (max per protocol),,"Room (20-25C), may warm before injection",Guerbet,Prior severe contrast reaction; renal-risk protocol in CKD/AKI,270,5-7,Cardiac CT,Iso-osmolar,Radiology,1 per CT contrast exam,bottle
AAML-RAD-00021,Iodixanol - Visipaque - 320 mgI/mL / 150 mL,Contrast Media,bottle,150 mL,CT|IR|Cath,CT_Contrast|CTA|Cardiac_CT,CHG-RAD-00021,CHG-RAD-00021,120,260,"Document route, lot, dose and adverse reaction status.",Iodixanol,Visipaque,320 mgI/mL / 150 mL,IV,70-120 mL,1-2 mL/kg (max per protocol),,"Room (20-25C), may warm before injection",Bracco,Prior severe contrast reaction; renal-risk protocol in CKD/AKI,320,4-6,Angiography,Iso-osmolar,Radiology,1 per CT contrast exam,bottle
AAML-RAD-00022,Iodixanol - Visipaque - 320 mgI/mL / 100 mL,Contrast Media,bottle,100 mL,CT|IR|Cath,CT_Contrast|CTA|Cardiac_CT,CHG-RAD-00022,CHG-RAD-00022,120,260,"Document route, lot, dose and adverse reaction status.",Iodixanol,Visipaque,320 mgI/mL / 100 mL,IV,70-120 mL,1-2 mL/kg (max per protocol),,"Room (20-25C), may warm before injection",GE Healthcare,Prior severe contrast reaction; renal-risk protocol in CKD/AKI,320,4-6,Angiography,Iso-osmolar,Radiology,1 per CT contrast exam,bottle
AAML-RAD-00023,Iodixanol - Visipaque - 320 mgI/mL / 50 mL,Contrast Media,bottle,50 mL,CT|IR|Cath,CT_Contrast|CTA|Cardiac_CT,CHG-RAD-00023,CHG-RAD-00023,120,260,"Document route, lot, dose and adverse reaction status.",Iodixanol,Visipaque,320 mgI/mL / 50 mL,IV,70-120 mL,1-2 mL/kg (max per protocol),,"Room (20-25C), may warm before injection",Bracco,Prior severe contrast reaction; renal-risk protocol in CKD/AKI,320,4-6,Angiography,Iso-osmolar,Radiology,1 per CT contrast exam,bottle
AAML-RAD-00024,Iodixanol - Visipaque - 320 mgI/mL / 200 mL,Contrast Media,bottle,200 mL,CT|IR|Cath,CT_Contrast|CTA|Cardiac_CT,CHG-RAD-00024,CHG-RAD-00024,120,260,"Document route, lot, dose and adverse reaction status.",Iodixanol,Visipaque,320 mgI/mL / 200 mL,IV,70-120 mL,1-2 mL/kg (max per protocol),,"Room (20-25C), may warm before injection",GE Healthcare,Prior severe contrast reaction; renal-risk protocol in CKD/AKI,320,4-6,Angiography,Iso-osmolar,Radiology,1 per CT contrast exam,bottle
AAML-RAD-00025,Ioversol - Optiray - 320 mgI/mL / 150 mL,Contrast Media,bottle,150 mL,CT|IR|Cath,CT_Contrast|CTA|Cardiac_CT,CHG-RAD-00025,CHG-RAD-00025,120,260,"Document route, lot, dose and adverse reaction status.",Ioversol,Optiray,320 mgI/mL / 150 mL,IV,75-150 mL,1-2 mL/kg (max per protocol),,"Room (20-25C), may warm before injection",Bayer,Prior severe contrast reaction; renal-risk protocol in CKD/AKI,320,2-3,CT chest/abdomen,Low,Radiology,1 per CT contrast exam,bottle
AAML-RAD-00026,Ioversol - Optiray - 320 mgI/mL / 100 mL,Contrast Media,bottle,100 mL,CT|IR|Cath,CT_Contrast|CTA|Cardiac_CT,CHG-RAD-00026,CHG-RAD-00026,120,260,"Document route, lot, dose and adverse reaction status.",Ioversol,Optiray,320 mgI/mL / 100 mL,IV,75-150 mL,1-2 mL/kg (max per protocol),,"Room (20-25C), may warm before injection",GE Healthcare,Prior severe contrast reaction; renal-risk protocol in CKD/AKI,320,2-3,CT chest/abdomen,Low,Radiology,1 per CT contrast exam,bottle
AAML-RAD-00027,Ioversol - Optiray - 320 mgI/mL / 200 mL,Contrast Media,bottle,200 mL,CT|IR|Cath,CT_Contrast|CTA|Cardiac_CT,CHG-RAD-00027,CHG-RAD-00027,120,260,"Document route, lot, dose and adverse reaction status.",Ioversol,Optiray,320 mgI/mL / 200 mL,IV,75-150 mL,1-2 mL/kg (max per protocol),,"Room (20-25C), may warm before injection",GE Healthcare,Prior severe contrast reaction; renal-risk protocol in CKD/AKI,320,2-3,CT chest/abdomen,Low,Radiology,1 per CT contrast exam,bottle
AAML-RAD-00028,Ioversol - Optiray - 320 mgI/mL / 125 mL,Contrast Media,bottle,125 mL,CT|IR|Cath,CT_Contrast|CTA|Cardiac_CT,CHG-RAD-00028,CHG-RAD-00028,120,260,"Document route, lot, dose and adverse reaction status.",Ioversol,Optiray,320 mgI/mL / 125 mL,IV,75-150 mL,1-2 mL/kg (max per protocol),,"Room (20-25C), may warm before injection",Bayer,Prior severe contrast reaction; renal-risk protocol in CKD/AKI,320,2-3,CT chest/abdomen,Low,Radiology,1 per CT contrast exam,bottle
AAML-RAD-00029,Iomeprol - Iomeron - 350 mgI/mL / 100 mL,Contrast Media,bottle,100 mL,CT|IR|Cath,CT_Contrast|CTA|Cardiac_CT,CHG-RAD-00029,CHG-RAD-00029,120,260,"Document route, lot, dose and adverse reaction status.",Iomeprol,Iomeron,350 mgI/mL / 100 mL,IV,70-120 mL,1-2 mL/kg (max per protocol),,"Room (20-25C), may warm before injection",Bracco,Prior severe contrast reaction; renal-risk protocol in CKD/AKI,350,4-6,CT angiography,Low,Radiology,1 per CT contrast exam,bottle
AAML-RAD-00030,Iomeprol - Iomeron - 350 mgI/mL / 50 mL,Contrast Media,bottle,50 mL,CT|IR|Cath,CT_Contrast|CTA|Cardiac_CT,CHG-RAD-00030,CHG-RAD-00030,120,260,"Document route, lot, dose and adverse reaction status.",Iomeprol,Iomeron,350 mgI/mL / 50 mL,IV,70-120 mL,1-2 mL/kg (max per protocol),,"Room (20-25C), may warm before injection",Guerbet,Prior severe contrast reaction; renal-risk protocol in CKD/AKI,350,4-6,CT angiography,Low,Radiology,1 per CT contrast exam,bottle
AAML-RAD-00031,Iomeprol - Iomeron - 350 mgI/mL / 75 mL,Contrast Media,bottle,75 mL,CT|IR|Cath,CT_Contrast|CTA|Cardiac_CT,CHG-RAD-00031,CHG-RAD-00031,120,260,"Document route, lot, dose and adverse reaction status.",Iomeprol,Iomeron,350 mgI/mL / 75 mL,IV,70-120 mL,1-2 mL/kg (max per protocol),,"Room (20-25C), may warm before injection",Bracco,Prior severe contrast reaction; renal-risk protocol in CKD/AKI,350,4-6,CT angiography,Low,Radiology,1 per CT contrast exam,bottle
AAML-RAD-00032,Iomeprol - Iomeron - 350 mgI/mL / 150 mL,Contrast Media,bottle,150 mL,CT|IR|Cath,CT_Contrast|CTA|Cardiac_CT,CHG-RAD-00032,CHG-RAD-00032,120,260,"Document route, lot, dose and adverse reaction status.",Iomeprol,Iomeron,350 mgI/mL / 150 mL,IV,70-120 mL,1-2 mL/kg (max per protocol),,"Room (20-25C), may warm before injection",Guerbet,Prior severe contrast reaction; renal-risk protocol in CKD/AKI,350,4-6,CT angiography,Low,Radiology,1 per CT contrast exam,bottle
AAML-RAD-00033,Diluted iodinated contrast - Diluted - 500-1000 mL,Contrast Media,bottle,500-1000 mL,CT|Fluoro,CT_Oral_Contrast|GI,CHG-RAD-00033,CHG-RAD-00033,25,80,Enteric contrast documentation required.,Diluted iodinated contrast,Diluted,500-1000 mL,Oral,500-1000 mL,Per protocol,,Room temperature,Lantheus,Aspiration risk; use water-soluble when perforation suspected,,,CT abdomen/pelvis,Variable,Radiology,1 per enteric exam,bottle
AAML-RAD-00034,Water - Neutral - 500-1000 mL,Contrast Media,bottle,500-1000 mL,CT|Fluoro,CT_Oral_Contrast|GI,CHG-RAD-00034,CHG-RAD-00034,25,80,Enteric contrast documentation required.,Water,Neutral,500-1000 mL,Oral,500-1000 mL,Per protocol,,Room temperature,Medtronic,Aspiration risk; use water-soluble when perforation suspected,,,Neutral oral contrast,Variable,Radiology,1 per enteric exam,bottle
AAML-RAD-00035,Gastrografin - Water-soluble - 20-40 mL diluted,Contrast Media,bottle,20-40 mL diluted,CT|Fluoro,CT_Oral_Contrast|GI,CHG-RAD-00035,CHG-RAD-00035,25,80,Enteric contrast documentation required.,Gastrografin,Water-soluble,20-40 mL diluted,Oral,20-40 mL diluted,Per protocol,,Room temperature,Medtronic,Aspiration risk; use water-soluble when perforation suspected,,,GI perforation suspicion,Variable,Radiology,1 per enteric exam,bottle
AAML-RAD-00036,Iohexol oral - Diluted - 50-100 mL diluted,Contrast Media,bottle,50-100 mL diluted,CT|Fluoro,CT_Oral_Contrast|GI,CHG-RAD-00036,CHG-RAD-00036,25,80,Enteric contrast documentation required.,Iohexol oral,Diluted,50-100 mL diluted,Oral,50-100 mL diluted,Per protocol,,Room temperature,Curium,Aspiration risk; use water-soluble when perforation suspected,,,CT GI studies,Variable,Radiology,1 per enteric exam,bottle
AAML-RAD-00037,Gadobutrol - Gadavist (Macrocyclic) - 0.5 mmol/mL / 10 mL,Contrast Media,vial,10 mL,MRI,MRI_Contrast|MRA|Liver_MRI,CHG-RAD-00037,CHG-RAD-00037,180,340,Macrocyclic preferred in many high-risk protocols.,Gadobutrol,Gadavist (Macrocyclic),0.5 mmol/mL / 10 mL,IV,0.1 mmol/kg,0.1 mmol/kg,,"Room, protect from light",GE Healthcare,Severe prior GBCA reaction; renal-risk policy in severe CKD,0.5,2,Brain MRI,N/A,Radiology,1 per MRI contrast exam,vial
AAML-RAD-00038,Gadobutrol - Gadavist (Macrocyclic) - 0.5 mmol/mL / 5 mL,Contrast Media,vial,5 mL,MRI,MRI_Contrast|MRA|Liver_MRI,CHG-RAD-00038,CHG-RAD-00038,180,340,Macrocyclic preferred in many high-risk protocols.,Gadobutrol,Gadavist (Macrocyclic),0.5 mmol/mL / 5 mL,IV,0.1 mmol/kg,0.1 mmol/kg,,"Room, protect from light",GE Healthcare,Severe prior GBCA reaction; renal-risk policy in severe CKD,0.5,2,Brain MRI,N/A,Radiology,1 per MRI contrast exam,vial
AAML-RAD-00039,Gadobutrol - Gadavist (Macrocyclic) - 0.5 mmol/mL / 20 mL,Contrast Media,vial,20 mL,MRI,MRI_Contrast|MRA|Liver_MRI,CHG-RAD-00039,CHG-RAD-00039,180,340,Macrocyclic preferred in many high-risk protocols.,Gadobutrol,Gadavist (Macrocyclic),0.5 mmol/mL / 20 mL,IV,0.1 mmol/kg,0.1 mmol/kg,,"Room, protect from light",GE Healthcare,Severe prior GBCA reaction; renal-risk policy in severe CKD,0.5,2,Brain MRI,N/A,Radiology,1 per MRI contrast exam,vial
AAML-RAD-00040,Gadoterate meglumine - Dotarem (Macrocyclic) - 0.5 mmol/mL / 15 mL,Contrast Media,vial,15 mL,MRI,MRI_Contrast|MRA|Liver_MRI,CHG-RAD-00040,CHG-RAD-00040,180,340,Macrocyclic preferred in many high-risk protocols.,Gadoterate meglumine,Dotarem (Macrocyclic),0.5 mmol/mL / 15 mL,IV,0.1 mmol/kg,0.1 mmol/kg,,"Room, protect from light",GE Healthcare,Severe prior GBCA reaction; renal-risk policy in severe CKD,0.5,2,CNS imaging,N/A,Radiology,1 per MRI contrast exam,vial
AAML-RAD-00041,Gadoterate meglumine - Dotarem (Macrocyclic) - 0.5 mmol/mL / 20 mL,Contrast Media,vial,20 mL,MRI,MRI_Contrast|MRA|Liver_MRI,CHG-RAD-00041,CHG-RAD-00041,180,340,Macrocyclic preferred in many high-risk protocols.,Gadoterate meglumine,Dotarem (Macrocyclic),0.5 mmol/mL / 20 mL,IV,0.1 mmol/kg,0.1 mmol/kg,,"Room, protect from light",Bracco,Severe prior GBCA reaction; renal-risk policy in severe CKD,0.5,2,CNS imaging,N/A,Radiology,1 per MRI contrast exam,vial
AAML-RAD-00042,Gadoterate meglumine - Dotarem (Macrocyclic) - 0.5 mmol/mL / 7.5 mL,Contrast Media,vial,7.5 mL,MRI,MRI_Contrast|MRA|Liver_MRI,CHG-RAD-00042,CHG-RAD-00042,180,340,Macrocyclic preferred in many high-risk protocols.,Gadoterate meglumine,Dotarem (Macrocyclic),0.5 mmol/mL / 7.5 mL,IV,0.1 mmol/kg,0.1 mmol/kg,,"Room, protect from light",Bayer,Severe prior GBCA reaction; renal-risk policy in severe CKD,0.5,2,CNS imaging,N/A,Radiology,1 per MRI contrast exam,vial
AAML-RAD-00043,Gadoteridol - ProHance (Macrocyclic) - 0.5 mmol/mL / 7.5 mL,Contrast Media,vial,7.5 mL,MRI,MRI_Contrast|MRA|Liver_MRI,CHG-RAD-00043,CHG-RAD-00043,180,340,Macrocyclic preferred in many high-risk protocols.,Gadoteridol,ProHance (Macrocyclic),0.5 mmol/mL / 7.5 mL,IV,0.1 mmol/kg,0.1 mmol/kg,,"Room, protect from light",Guerbet,Severe prior GBCA reaction; renal-risk policy in severe CKD,0.5,2,Neuro MRI,N/A,Radiology,1 per MRI contrast exam,vial
AAML-RAD-00044,Gadoteridol - ProHance (Macrocyclic) - 0.5 mmol/mL / 5 mL,Contrast Media,vial,5 mL,MRI,MRI_Contrast|MRA|Liver_MRI,CHG-RAD-00044,CHG-RAD-00044,180,340,Macrocyclic preferred in many high-risk protocols.,Gadoteridol,ProHance (Macrocyclic),0.5 mmol/mL / 5 mL,IV,0.1 mmol/kg,0.1 mmol/kg,,"Room, protect from light",Bracco,Severe prior GBCA reaction; renal-risk policy in severe CKD,0.5,2,Neuro MRI,N/A,Radiology,1 per MRI contrast exam,vial
AAML-RAD-00045,Gadoteridol - ProHance (Macrocyclic) - 0.5 mmol/mL / 20 mL,Contrast Media,vial,20 mL,MRI,MRI_Contrast|MRA|Liver_MRI,CHG-RAD-00045,CHG-RAD-00045,180,340,Macrocyclic preferred in many high-risk protocols.,Gadoteridol,ProHance (Macrocyclic),0.5 mmol/mL / 20 mL,IV,0.1 mmol/kg,0.1 mmol/kg,,"Room, protect from light",Bayer,Severe prior GBCA reaction; renal-risk policy in severe CKD,0.5,2,Neuro MRI,N/A,Radiology,1 per MRI contrast exam,vial
AAML-RAD-00046,Gadopentetate dimeglumine - Magnevist (Linear) - 0.5 mmol/mL / 7.5 mL,Contrast Media,vial,7.5 mL,MRI,MRI_Contrast|MRA|Liver_MRI,CHG-RAD-00046,CHG-RAD-00046,180,340,Macrocyclic preferred in many high-risk protocols.,Gadopentetate dimeglumine,Magnevist (Linear),0.5 mmol/mL / 7.5 mL,IV,0.1 mmol/kg,0.1 mmol/kg,,"Room, protect from light",Guerbet,Severe prior GBCA reaction; renal-risk policy in severe CKD,0.5,2,General MRI,N/A,Radiology,1 per MRI contrast exam,vial
AAML-RAD-00047,Gadopentetate dimeglumine - Magnevist (Linear) - 0.5 mmol/mL / 10 mL,Contrast Media,vial,10 mL,MRI,MRI_Contrast|MRA|Liver_MRI,CHG-RAD-00047,CHG-RAD-00047,180,340,Macrocyclic preferred in many high-risk protocols.,Gadopentetate dimeglumine,Magnevist (Linear),0.5 mmol/mL / 10 mL,IV,0.1 mmol/kg,0.1 mmol/kg,,"Room, protect from light",Guerbet,Severe prior GBCA reaction; renal-risk policy in severe CKD,0.5,2,General MRI,N/A,Radiology,1 per MRI contrast exam,vial
AAML-RAD-00048,Gadopentetate dimeglumine - Magnevist (Linear) - 0.5 mmol/mL / 5 mL,Contrast Media,vial,5 mL,MRI,MRI_Contrast|MRA|Liver_MRI,CHG-RAD-00048,CHG-RAD-00048,180,340,Macrocyclic preferred in many high-risk protocols.,Gadopentetate dimeglumine,Magnevist (Linear),0.5 mmol/mL / 5 mL,IV,0.1 mmol/kg,0.1 mmol/kg,,"Room, protect from light",Guerbet,Severe prior GBCA reaction; renal-risk policy in severe CKD,0.5,2,General MRI,N/A,Radiology,1 per MRI contrast exam,vial
AAML-RAD-00049,Gadobenate dimeglumine - MultiHance (Linear) - 0.5 mmol/mL / 7.5 mL,Contrast Media,vial,7.5 mL,MRI,MRI_Contrast|MRA|Liver_MRI,CHG-RAD-00049,CHG-RAD-00049,180,340,Macrocyclic preferred in many high-risk protocols.,Gadobenate dimeglumine,MultiHance (Linear),0.5 mmol/mL / 7.5 mL,IV,0.1 mmol/kg,0.1 mmol/kg,,"Room, protect from light",GE Healthcare,Severe prior GBCA reaction; renal-risk policy in severe CKD,0.5,2,Liver MRI,N/A,Radiology,1 per MRI contrast exam,vial
AAML-RAD-00050,Gadobenate dimeglumine - MultiHance (Linear) - 0.5 mmol/mL / 10 mL,Contrast Media,vial,10 mL,MRI,MRI_Contrast|MRA|Liver_MRI,CHG-RAD-00050,CHG-RAD-00050,180,340,Macrocyclic preferred in many high-risk protocols.,Gadobenate dimeglumine,MultiHance (Linear),0.5 mmol/mL / 10 mL,IV,0.1 mmol/kg,0.1 mmol/kg,,"Room, protect from light",Bracco,Severe prior GBCA reaction; renal-risk policy in severe CKD,0.5,2,Liver MRI,N/A,Radiology,1 per MRI contrast exam,vial
AAML-RAD-00051,Gadobenate dimeglumine - MultiHance (Linear) - 0.5 mmol/mL / 5 mL,Contrast Media,vial,5 mL,MRI,MRI_Contrast|MRA|Liver_MRI,CHG-RAD-00051,CHG-RAD-00051,180,340,Macrocyclic preferred in many high-risk protocols.,Gadobenate dimeglumine,MultiHance (Linear),0.5 mmol/mL / 5 mL,IV,0.1 mmol/kg,0.1 mmol/kg,,"Room, protect from light",Guerbet,Severe prior GBCA reaction; renal-risk policy in severe CKD,0.5,2,Liver MRI,N/A,Radiology,1 per MRI contrast exam,vial
AAML-RAD-00052,Gadoxetate disodium - Eovist (Hepatobiliary) - 0.5 mmol/mL / 20 mL,Contrast Media,vial,20 mL,MRI,MRI_Contrast|MRA|Liver_MRI,CHG-RAD-00052,CHG-RAD-00052,180,340,Macrocyclic preferred in many high-risk protocols.,Gadoxetate disodium,Eovist (Hepatobiliary),0.5 mmol/mL / 20 mL,IV,0.025 mmol/kg,0.025 mmol/kg,,"Room, protect from light",GE Healthcare,Severe prior GBCA reaction; renal-risk policy in severe CKD,0.5,2,Liver MRI,N/A,Radiology,1 per MRI contrast exam,vial
AAML-RAD-00053,Gadoxetate disodium - Eovist (Hepatobiliary) - 0.5 mmol/mL / 15 mL,Contrast Media,vial,15 mL,MRI,MRI_Contrast|MRA|Liver_MRI,CHG-RAD-00053,CHG-RAD-00053,180,340,Macrocyclic preferred in many high-risk protocols.,Gadoxetate disodium,Eovist (Hepatobiliary),0.5 mmol/mL / 15 mL,IV,0.025 mmol/kg,0.025 mmol/kg,,"Room, protect from light",GE Healthcare,Severe prior GBCA reaction; renal-risk policy in severe CKD,0.5,2,Liver MRI,N/A,Radiology,1 per MRI contrast exam,vial
AAML-RAD-00054,Gadoxetate disodium - Eovist (Hepatobiliary) - 0.5 mmol/mL / 7.5 mL,Contrast Media,vial,7.5 mL,MRI,MRI_Contrast|MRA|Liver_MRI,CHG-RAD-00054,CHG-RAD-00054,180,340,Macrocyclic preferred in many high-risk protocols.,Gadoxetate disodium,Eovist (Hepatobiliary),0.5 mmol/mL / 7.5 mL,IV,0.025 mmol/kg,0.025 mmol/kg,,"Room, protect from light",Guerbet,Severe prior GBCA reaction; renal-risk policy in severe CKD,0.5,2,Liver MRI,N/A,Radiology,1 per MRI contrast exam,vial
AAML-RAD-00055,Barium sulfate suspension - Varibar - 40-60% w/v,Contrast Media,bottle,40-60% w/v,Fluoro|CT,Fluoro_GI|Barium,CHG-RAD-00055,CHG-RAD-00055,45,120,Document oral/rectal route and tolerance.,Barium sulfate suspension,Varibar,40-60% w/v,Oral,200-300 mL,Per protocol,,"Room, shake well",Bracco,Use water-soluble alternative when perforation suspected,,,Esophagram,N/A,Radiology,1 per fluoroscopy GI exam,bottle
AAML-RAD-00056,Barium sulfate suspension - E-Z-Paque - 60-100% w/v,Contrast Media,bottle,60-100% w/v,Fluoro|CT,Fluoro_GI|Barium,CHG-RAD-00056,CHG-RAD-00056,45,120,Document oral/rectal route and tolerance.,Barium sulfate suspension,E-Z-Paque,60-100% w/v,Oral,300-600 mL,Per protocol,,"Room, shake well",Bracco,Use water-soluble alternative when perforation suspected,,,Upper GI,N/A,Radiology,1 per fluoroscopy GI exam,bottle
AAML-RAD-00057,Barium sulfate - Small bowel prep - 40-60% w/v,Contrast Media,bottle,40-60% w/v,Fluoro|CT,Fluoro_GI|Barium,CHG-RAD-00057,CHG-RAD-00057,45,120,Document oral/rectal route and tolerance.,Barium sulfate,Small bowel prep,40-60% w/v,Oral,500-800 mL,Per protocol,,"Room, shake well",Bracco,Use water-soluble alternative when perforation suspected,,,Small bowel follow-through,N/A,Radiology,1 per fluoroscopy GI exam,bottle
AAML-RAD-00058,Barium enema - Colon prep - 80-100% w/v,Contrast Media,bottle,80-100% w/v,Fluoro|CT,Fluoro_GI|Barium,CHG-RAD-00058,CHG-RAD-00058,45,120,Document oral/rectal route and tolerance.,Barium enema,Colon prep,80-100% w/v,Rectal,500-1500 mL,Per protocol,,"Room, shake well",Bracco,Use water-soluble alternative when perforation suspected,,,Colon study,N/A,Radiology,1 per fluoroscopy GI exam,bottle
AAML-RAD-00059,Double contrast barium - Air-contrast kit - High density,Contrast Media,bottle,High density,Fluoro|CT,Fluoro_GI|Barium,CHG-RAD-00059,CHG-RAD-00059,45,120,Document oral/rectal route and tolerance.,Double contrast barium,Air-contrast kit,High density,Rectal,100-200 mL + air,Per protocol,,"Room, shake well",Local Supplier,Use water-soluble alternative when perforation suspected,,,Colon imaging,N/A,Radiology,1 per fluoroscopy GI exam,bottle
AAML-RAD-00060,Tc-99m MDP - Unit dose - Radiotracer,Nuclear Medicine Radiopharmaceutical,dose,Unit dose,NM,Nuclear_Medicine,CHG-RAD-00060,CHG-RAD-00060,300,700,Record injected activity and residual activity.,Tc-99m MDP,Unit dose,Radiotracer,IV,740-1110 MBq,Weight-based protocol,6 hr,"Shielded, time-critical",Lantheus,Pregnancy/breastfeeding precautions; radiation policy,,,Bone scan,N/A,Radiology,1 dose per exam,dose
AAML-RAD-00061,Tc-99m MIBI - Unit dose - Radiotracer,Nuclear Medicine Radiopharmaceutical,dose,Unit dose,NM,Nuclear_Medicine,CHG-RAD-00061,CHG-RAD-00061,300,700,Record injected activity and residual activity.,Tc-99m MIBI,Unit dose,Radiotracer,IV,740-1110 MBq,Weight-based protocol,6 hr,"Shielded, time-critical",Jubilant Radiopharma,Pregnancy/breastfeeding precautions; radiation policy,,,Myocardial perfusion,N/A,Radiology,1 dose per exam,dose
AAML-RAD-00062,Tc-99m DTPA - Unit dose - Radiotracer,Nuclear Medicine Radiopharmaceutical,dose,Unit dose,NM,Nuclear_Medicine,CHG-RAD-00062,CHG-RAD-00062,300,700,Record injected activity and residual activity.,Tc-99m DTPA,Unit dose,Radiotracer,IV,370-740 MBq,Weight-based protocol,6 hr,"Shielded, time-critical",Curium,Pregnancy/breastfeeding precautions; radiation policy,,,Renal scan,N/A,Radiology,1 dose per exam,dose
AAML-RAD-00063,Tc-99m MAG3 - Unit dose - Radiotracer,Nuclear Medicine Radiopharmaceutical,dose,Unit dose,NM,Nuclear_Medicine,CHG-RAD-00063,CHG-RAD-00063,300,700,Record injected activity and residual activity.,Tc-99m MAG3,Unit dose,Radiotracer,IV,185-370 MBq,Weight-based protocol,6 hr,"Shielded, time-critical",Jubilant Radiopharma,Pregnancy/breastfeeding precautions; radiation policy,,,Renal function,N/A,Radiology,1 dose per exam,dose
AAML-RAD-00064,Tc-99m HIDA - Unit dose - Radiotracer,Nuclear Medicine Radiopharmaceutical,dose,Unit dose,NM,Nuclear_Medicine,CHG-RAD-00064,CHG-RAD-00064,300,700,Record injected activity and residual activity.,Tc-99m HIDA,Unit dose,Radiotracer,IV,185-370 MBq,Weight-based protocol,6 hr,"Shielded, time-critical",Jubilant Radiopharma,Pregnancy/breastfeeding precautions; radiation policy,,,Hepatobiliary scan,N/A,Radiology,1 dose per exam,dose
AAML-RAD-00065,Tc-99m Sulfur Colloid - Unit dose - Radiotracer,Nuclear Medicine Radiopharmaceutical,dose,Unit dose,NM,Nuclear_Medicine,CHG-RAD-00065,CHG-RAD-00065,300,700,Record injected activity and residual activity.,Tc-99m Sulfur Colloid,Unit dose,Radiotracer,IV,185-370 MBq,Weight-based protocol,6 hr,"Shielded, time-critical",Jubilant Radiopharma,Pregnancy/breastfeeding precautions; radiation policy,,,Liver/spleen,N/A,Radiology,1 dose per exam,dose
AAML-RAD-00066,Tc-99m Pertechnetate - Unit dose - Radiotracer,Nuclear Medicine Radiopharmaceutical,dose,Unit dose,NM,Nuclear_Medicine,CHG-RAD-00066,CHG-RAD-00066,300,700,Record injected activity and residual activity.,Tc-99m Pertechnetate,Unit dose,Radiotracer,IV,75-370 MBq,Weight-based protocol,6 hr,"Shielded, time-critical",Cardinal Health,Pregnancy/breastfeeding precautions; radiation policy,,,Thyroid scan,N/A,Radiology,1 dose per exam,dose
AAML-RAD-00067,I-123 Sodium Iodide - Unit dose - Radiotracer,Nuclear Medicine Radiopharmaceutical,dose,Unit dose,NM,Nuclear_Medicine,CHG-RAD-00067,CHG-RAD-00067,300,700,Record injected activity and residual activity.,I-123 Sodium Iodide,Unit dose,Radiotracer,IV,7-15 MBq,Weight-based protocol,13 hr,"Shielded, time-critical",Curium,Pregnancy/breastfeeding precautions; radiation policy,,,Thyroid uptake,N/A,Radiology,1 dose per exam,dose
AAML-RAD-00068,Tl-201 Chloride - Unit dose - Radiotracer,Nuclear Medicine Radiopharmaceutical,dose,Unit dose,NM,Nuclear_Medicine,CHG-RAD-00068,CHG-RAD-00068,300,700,Record injected activity and residual activity.,Tl-201 Chloride,Unit dose,Radiotracer,IV,74-111 MBq,Weight-based protocol,73 hr,"Shielded, time-critical",Curium,Pregnancy/breastfeeding precautions; radiation policy,,,Viability imaging,N/A,Radiology,1 dose per exam,dose
AAML-RAD-00069,Ga-67 Citrate - Unit dose - Radiotracer,Nuclear Medicine Radiopharmaceutical,dose,Unit dose,NM,Nuclear_Medicine,CHG-RAD-00069,CHG-RAD-00069,300,700,Record injected activity and residual activity.,Ga-67 Citrate,Unit dose,Radiotracer,IV,74-185 MBq,Weight-based protocol,78 hr,"Shielded, time-critical",Cardinal Health,Pregnancy/breastfeeding precautions; radiation policy,,,Inflammation/oncology,N/A,Radiology,1 dose per exam,dose
AAML-RAD-00070,In-111 Oxine WBC - Unit dose - Radiotracer,Nuclear Medicine Radiopharmaceutical,dose,Unit dose,NM,Nuclear_Medicine,CHG-RAD-00070,CHG-RAD-00070,300,700,Record injected activity and residual activity.,In-111 Oxine WBC,Unit dose,Radiotracer,IV,10-20 MBq,Weight-based protocol,67 hr,"Shielded, time-critical",Cardinal Health,Pregnancy/breastfeeding precautions; radiation policy,,,Infection imaging,N/A,Radiology,1 dose per exam,dose
AAML-RAD-00071,In-111 Pentetreotide - Unit dose - Radiotracer,Nuclear Medicine Radiopharmaceutical,dose,Unit dose,NM,Nuclear_Medicine,CHG-RAD-00071,CHG-RAD-00071,300,700,Record injected activity and residual activity.,In-111 Pentetreotide,Unit dose,Radiotracer,IV,110-220 MBq,Weight-based protocol,67 hr,"Shielded, time-critical",Curium,Pregnancy/breastfeeding precautions; radiation policy,,,SSTR imaging,N/A,Radiology,1 dose per exam,dose
AAML-RAD-00072,F-18 FDG - Unit dose - Radiotracer,PET Radiotracer,dose,Unit dose,PET,PET,CHG-RAD-00072,CHG-RAD-00072,450,900,Time-critical release and administration.,F-18 FDG,Unit dose,Radiotracer,IV,185-370 MBq,Per protocol,110 min,"Shielded, time-critical",Curium,Pregnancy/breastfeeding precautions; glucose control for FDG,,,Oncology PET,N/A,Radiology,1 dose per exam,dose
AAML-RAD-00073,F-18 NaF - Unit dose - Radiotracer,PET Radiotracer,dose,Unit dose,PET,PET,CHG-RAD-00073,CHG-RAD-00073,450,900,Time-critical release and administration.,F-18 NaF,Unit dose,Radiotracer,IV,185-370 MBq,Per protocol,110 min,"Shielded, time-critical",Curium,Pregnancy/breastfeeding precautions; glucose control for FDG,,,Bone PET,N/A,Radiology,1 dose per exam,dose
AAML-RAD-00074,F-18 PSMA - Unit dose - Radiotracer,PET Radiotracer,dose,Unit dose,PET,PET,CHG-RAD-00074,CHG-RAD-00074,450,900,Time-critical release and administration.,F-18 PSMA,Unit dose,Radiotracer,IV,150-250 MBq,Per protocol,110 min,"Shielded, time-critical",Local Cyclotron Supplier,Pregnancy/breastfeeding precautions; glucose control for FDG,,,Prostate cancer,N/A,Radiology,1 dose per exam,dose
AAML-RAD-00075,F-18 Amyloid - Unit dose - Radiotracer,PET Radiotracer,dose,Unit dose,PET,PET,CHG-RAD-00075,CHG-RAD-00075,450,900,Time-critical release and administration.,F-18 Amyloid,Unit dose,Radiotracer,IV,185-370 MBq,Per protocol,110 min,"Shielded, time-critical",Curium,Pregnancy/breastfeeding precautions; glucose control for FDG,,,Alzheimer imaging,N/A,Radiology,1 dose per exam,dose
AAML-RAD-00076,Ga-68 DOTATATE - Unit dose - Radiotracer,PET Radiotracer,dose,Unit dose,PET,PET,CHG-RAD-00076,CHG-RAD-00076,450,900,Time-critical release and administration.,Ga-68 DOTATATE,Unit dose,Radiotracer,IV,100-200 MBq,Per protocol,68 min,"Shielded, time-critical",Local Cyclotron Supplier,Pregnancy/breastfeeding precautions; glucose control for FDG,,,Neuroendocrine tumors,N/A,Radiology,1 dose per exam,dose
AAML-RAD-00077,Ga-68 PSMA - Unit dose - Radiotracer,PET Radiotracer,dose,Unit dose,PET,PET,CHG-RAD-00077,CHG-RAD-00077,450,900,Time-critical release and administration.,Ga-68 PSMA,Unit dose,Radiotracer,IV,100-200 MBq,Per protocol,68 min,"Shielded, time-critical",Siemens Healthineers,Pregnancy/breastfeeding precautions; glucose control for FDG,,,Prostate imaging,N/A,Radiology,1 dose per exam,dose
AAML-RAD-00078,F-18 Fluciclovine - Unit dose - Radiotracer,PET Radiotracer,dose,Unit dose,PET,PET,CHG-RAD-00078,CHG-RAD-00078,450,900,Time-critical release and administration.,F-18 Fluciclovine,Unit dose,Radiotracer,IV,370 MBq,Per protocol,110 min,"Shielded, time-critical",Siemens Healthineers,Pregnancy/breastfeeding precautions; glucose control for FDG,,,Prostate recurrence,N/A,Radiology,1 dose per exam,dose
AAML-RAD-00079,F-18 FDOPA - Unit dose - Radiotracer,PET Radiotracer,dose,Unit dose,PET,PET,CHG-RAD-00079,CHG-RAD-00079,450,900,Time-critical release and administration.,F-18 FDOPA,Unit dose,Radiotracer,IV,185-370 MBq,Per protocol,110 min,"Shielded, time-critical",Curium,Pregnancy/breastfeeding precautions; glucose control for FDG,,,Neuro/endocrine PET,N/A,Radiology,1 dose per exam,dose
AAML-RAD-00080,Introducer sheath - 4F - 4F,Interventional,piece,4F,IR|Cath,IR_Procedure|Embolization,CHG-RAD-00080,CHG-RAD-00080,80,220,"Record device lot, serial, and size used.",Introducer sheath,4F,4F,Intra-arterial,Per device IFU,Per protocol,,"Room, sterile",Merit Medical,"Device specific contraindications, anatomy and allergy assessment",,,Vascular access,N/A,Radiology,Case dependent,piece
AAML-RAD-00081,Introducer sheath - 5F - 5F,Interventional,piece,5F,IR|Cath,IR_Procedure|Embolization,CHG-RAD-00081,CHG-RAD-00081,80,220,"Record device lot, serial, and size used.",Introducer sheath,5F,5F,Intra-arterial,Per device IFU,Per protocol,,"Room, sterile",Medtronic,"Device specific contraindications, anatomy and allergy assessment",,,Vascular access,N/A,Radiology,Case dependent,piece
AAML-RAD-00082,Introducer sheath - 6F - 6F,Interventional,piece,6F,IR|Cath,IR_Procedure|Embolization,CHG-RAD-00082,CHG-RAD-00082,80,220,"Record device lot, serial, and size used.",Introducer sheath,6F,6F,Intra-arterial,Per device IFU,Per protocol,,"Room, sterile",Merit Medical,"Device specific contraindications, anatomy and allergy assessment",,,Vascular access,N/A,Radiology,Case dependent,piece
AAML-RAD-00083,Introducer sheath - 7F - 7F,Interventional,piece,7F,IR|Cath,IR_Procedure|Embolization,CHG-RAD-00083,CHG-RAD-00083,80,220,"Record device lot, serial, and size used.",Introducer sheath,7F,7F,Intra-arterial,Per device IFU,Per protocol,,"Room, sterile",Boston Scientific,"Device specific contraindications, anatomy and allergy assessment",,,Vascular access,N/A,Radiology,Case dependent,piece
AAML-RAD-00084,Guidewire - 0.018 inch - 0.018 inch,Interventional,piece,0.018 inch,IR|Cath,IR_Procedure|Embolization,CHG-RAD-00084,CHG-RAD-00084,80,220,"Record device lot, serial, and size used.",Guidewire,0.018 inch,0.018 inch,Intra-arterial,Per device IFU,Per protocol,,"Room, sterile",Penumbra,"Device specific contraindications, anatomy and allergy assessment",,,Catheter guidance,N/A,Radiology,Case dependent,piece
AAML-RAD-00085,Guidewire - 0.021 inch - 0.021 inch,Interventional,piece,0.021 inch,IR|Cath,IR_Procedure|Embolization,CHG-RAD-00085,CHG-RAD-00085,80,220,"Record device lot, serial, and size used.",Guidewire,0.021 inch,0.021 inch,Intra-arterial,Per device IFU,Per protocol,,"Room, sterile",Terumo,"Device specific contraindications, anatomy and allergy assessment",,,Catheter guidance,N/A,Radiology,Case dependent,piece
AAML-RAD-00086,Guidewire - 0.035 inch - 0.035 inch,Interventional,piece,0.035 inch,IR|Cath,IR_Procedure|Embolization,CHG-RAD-00086,CHG-RAD-00086,80,220,"Record device lot, serial, and size used.",Guidewire,0.035 inch,0.035 inch,Intra-arterial,Per device IFU,Per protocol,,"Room, sterile",Penumbra,"Device specific contraindications, anatomy and allergy assessment",,,Catheter guidance,N/A,Radiology,Case dependent,piece
AAML-RAD-00087,Microcatheter - 2F - 2F,Interventional,piece,2F,IR|Cath,IR_Procedure|Embolization,CHG-RAD-00087,CHG-RAD-00087,80,220,"Record device lot, serial, and size used.",Microcatheter,2F,2F,Intra-arterial,Per device IFU,Per protocol,,"Room, sterile",Merit Medical,"Device specific contraindications, anatomy and allergy assessment",,,Embolization,N/A,Radiology,Case dependent,piece
AAML-RAD-00088,Microcatheter - 2.4F - 2.4F,Interventional,piece,2.4F,IR|Cath,IR_Procedure|Embolization,CHG-RAD-00088,CHG-RAD-00088,80,220,"Record device lot, serial, and size used.",Microcatheter,2.4F,2.4F,Intra-arterial,Per device IFU,Per protocol,,"Room, sterile",Merit Medical,"Device specific contraindications, anatomy and allergy assessment",,,Embolization,N/A,Radiology,Case dependent,piece
AAML-RAD-00089,Microcatheter - 2.8F - 2.8F,Interventional,piece,2.8F,IR|Cath,IR_Procedure|Embolization,CHG-RAD-00089,CHG-RAD-00089,80,220,"Record device lot, serial, and size used.",Microcatheter,2.8F,2.8F,Intra-arterial,Per device IFU,Per protocol,,"Room, sterile",Medtronic,"Device specific contraindications, anatomy and allergy assessment",,,Embolization,N/A,Radiology,Case dependent,piece
AAML-RAD-00090,Microcatheter - 3F - 3F,Interventional,piece,3F,IR|Cath,IR_Procedure|Embolization,CHG-RAD-00090,CHG-RAD-00090,80,220,"Record device lot, serial, and size used.",Microcatheter,3F,3F,Intra-arterial,Per device IFU,Per protocol,,"Room, sterile",Medtronic,"Device specific contraindications, anatomy and allergy assessment",,,Embolization,N/A,Radiology,Case dependent,piece
AAML-RAD-00091,Embolization coils - 2 mm - 2 mm,Interventional,piece,2 mm,IR|Cath,IR_Procedure|Embolization,CHG-RAD-00091,CHG-RAD-00091,80,220,"Record device lot, serial, and size used.",Embolization coils,2 mm,2 mm,Intra-arterial,Per device IFU,Per protocol,,"Room, sterile",Terumo,"Device specific contraindications, anatomy and allergy assessment",,,Vessel occlusion,N/A,Radiology,Case dependent,piece
AAML-RAD-00092,Embolization coils - 3 mm - 3 mm,Interventional,piece,3 mm,IR|Cath,IR_Procedure|Embolization,CHG-RAD-00092,CHG-RAD-00092,80,220,"Record device lot, serial, and size used.",Embolization coils,3 mm,3 mm,Intra-arterial,Per device IFU,Per protocol,,"Room, sterile",Medtronic,"Device specific contraindications, anatomy and allergy assessment",,,Vessel occlusion,N/A,Radiology,Case dependent,piece
AAML-RAD-00093,Embolization coils - 4 mm - 4 mm,Interventional,piece,4 mm,IR|Cath,IR_Procedure|Embolization,CHG-RAD-00093,CHG-RAD-00093,80,220,"Record device lot, serial, and size used.",Embolization coils,4 mm,4 mm,Intra-arterial,Per device IFU,Per protocol,,"Room, sterile",Merit Medical,"Device specific contraindications, anatomy and allergy assessment",,,Vessel occlusion,N/A,Radiology,Case dependent,piece
AAML-RAD-00094,Embolization coils - 6 mm - 6 mm,Interventional,piece,6 mm,IR|Cath,IR_Procedure|Embolization,CHG-RAD-00094,CHG-RAD-00094,80,220,"Record device lot, serial, and size used.",Embolization coils,6 mm,6 mm,Intra-arterial,Per device IFU,Per protocol,,"Room, sterile",Merit Medical,"Device specific contraindications, anatomy and allergy assessment",,,Vessel occlusion,N/A,Radiology,Case dependent,piece
AAML-RAD-00095,Embolization coils - 8 mm - 8 mm,Interventional,piece,8 mm,IR|Cath,IR_Procedure|Embolization,CHG-RAD-00095,CHG-RAD-00095,80,220,"Record device lot, serial, and size used.",Embolization coils,8 mm,8 mm,Intra-arterial,Per device IFU,Per protocol,,"Room, sterile",Boston Scientific,"Device specific contraindications, anatomy and allergy assessment",,,Vessel occlusion,N/A,Radiology,Case dependent,piece
AAML-RAD-00096,PVA particles - 100-300 um - 100-300 um,Interventional,piece,100-300 um,IR|Cath,IR_Procedure|Embolization,CHG-RAD-00096,CHG-RAD-00096,80,220,"Record device lot, serial, and size used.",PVA particles,100-300 um,100-300 um,Intra-arterial,Per device IFU,Per protocol,,"Room, sterile",Merit Medical,"Device specific contraindications, anatomy and allergy assessment",,,Tumor embolization,N/A,Radiology,Case dependent,piece
AAML-RAD-00097,PVA particles - 300-500 um - 300-500 um,Interventional,piece,300-500 um,IR|Cath,IR_Procedure|Embolization,CHG-RAD-00097,CHG-RAD-00097,80,220,"Record device lot, serial, and size used.",PVA particles,300-500 um,300-500 um,Intra-arterial,Per device IFU,Per protocol,,"Room, sterile",Terumo,"Device specific contraindications, anatomy and allergy assessment",,,Tumor embolization,N/A,Radiology,Case dependent,piece
AAML-RAD-00098,Liquid embolic agents - NBCA - NBCA,Interventional,piece,NBCA,IR|Cath,IR_Procedure|Embolization,CHG-RAD-00098,CHG-RAD-00098,80,220,"Record device lot, serial, and size used.",Liquid embolic agents,NBCA,NBCA,Intra-arterial,Per device IFU,Per protocol,,"Room, sterile",Cook Medical,"Device specific contraindications, anatomy and allergy assessment",,,AVM treatment,N/A,Radiology,Case dependent,piece
AAML-RAD-00099,Liquid embolic agents - EVOH - EVOH,Interventional,piece,EVOH,IR|Cath,IR_Procedure|Embolization,CHG-RAD-00099,CHG-RAD-00099,80,220,"Record device lot, serial, and size used.",Liquid embolic agents,EVOH,EVOH,Intra-arterial,Per device IFU,Per protocol,,"Room, sterile",Boston Scientific,"Device specific contraindications, anatomy and allergy assessment",,,AVM treatment,N/A,Radiology,Case dependent,piece
AAML-RAD-00100,Balloon catheter - Small - Small,Interventional,piece,Small,IR|Cath,IR_Procedure|Embolization,CHG-RAD-00100,CHG-RAD-00100,80,220,"Record device lot, serial, and size used.",Balloon catheter,Small,Small,Intra-arterial,Per device IFU,Per protocol,,"Room, sterile",Boston Scientific,"Device specific contraindications, anatomy and allergy assessment",,,Angioplasty,N/A,Radiology,Case dependent,piece
AAML-RAD-00101,Balloon catheter - Medium - Medium,Interventional,piece,Medium,IR|Cath,IR_Procedure|Embolization,CHG-RAD-00101,CHG-RAD-00101,80,220,"Record device lot, serial, and size used.",Balloon catheter,Medium,Medium,Intra-arterial,Per device IFU,Per protocol,,"Room, sterile",Terumo,"Device specific contraindications, anatomy and allergy assessment",,,Angioplasty,N/A,Radiology,Case dependent,piece
AAML-RAD-00102,Balloon catheter - Large - Large,Interventional,piece,Large,IR|Cath,IR_Procedure|Embolization,CHG-RAD-00102,CHG-RAD-00102,80,220,"Record device lot, serial, and size used.",Balloon catheter,Large,Large,Intra-arterial,Per device IFU,Per protocol,,"Room, sterile",Terumo,"Device specific contraindications, anatomy and allergy assessment",,,Angioplasty,N/A,Radiology,Case dependent,piece
AAML-RAD-00103,Stents - 4 mm - 4 mm,Interventional,piece,4 mm,IR|Cath,IR_Procedure|Embolization,CHG-RAD-00103,CHG-RAD-00103,80,220,"Record device lot, serial, and size used.",Stents,4 mm,4 mm,Intra-arterial,Per device IFU,Per protocol,,"Room, sterile",Medtronic,"Device specific contraindications, anatomy and allergy assessment",,,Vessel support,N/A,Radiology,Case dependent,piece
AAML-RAD-00104,Stents - 5 mm - 5 mm,Interventional,piece,5 mm,IR|Cath,IR_Procedure|Embolization,CHG-RAD-00104,CHG-RAD-00104,80,220,"Record device lot, serial, and size used.",Stents,5 mm,5 mm,Intra-arterial,Per device IFU,Per protocol,,"Room, sterile",Boston Scientific,"Device specific contraindications, anatomy and allergy assessment",,,Vessel support,N/A,Radiology,Case dependent,piece
AAML-RAD-00105,Stents - 6 mm - 6 mm,Interventional,piece,6 mm,IR|Cath,IR_Procedure|Embolization,CHG-RAD-00105,CHG-RAD-00105,80,220,"Record device lot, serial, and size used.",Stents,6 mm,6 mm,Intra-arterial,Per device IFU,Per protocol,,"Room, sterile",Medtronic,"Device specific contraindications, anatomy and allergy assessment",,,Vessel support,N/A,Radiology,Case dependent,piece
AAML-RAD-00106,Stents - 7 mm - 7 mm,Interventional,piece,7 mm,IR|Cath,IR_Procedure|Embolization,CHG-RAD-00106,CHG-RAD-00106,80,220,"Record device lot, serial, and size used.",Stents,7 mm,7 mm,Intra-arterial,Per device IFU,Per protocol,,"Room, sterile",Merit Medical,"Device specific contraindications, anatomy and allergy assessment",,,Vessel support,N/A,Radiology,Case dependent,piece
AAML-RAD-00107,IV Cannula - 18G - 18G,Disposable,piece,18G,CT|MRI|US|IR|NM|PET,Consumable|Workflow,CHG-RAD-00107,CHG-RAD-00107,2,9,Disposable consumable used per exam/procedure setup.,IV Cannula,18G,18G,N/A,1 unit typical,Per protocol,,Room,Guerbet,Single use only where applicable,,,Contrast injection,N/A,Radiology,1,piece
AAML-RAD-00108,IV Cannula - 20G - 20G,Disposable,piece,20G,CT|MRI|US|IR|NM|PET,Consumable|Workflow,CHG-RAD-00108,CHG-RAD-00108,2,9,Disposable consumable used per exam/procedure setup.,IV Cannula,20G,20G,N/A,1 unit typical,Per protocol,,Room,Guerbet,Single use only where applicable,,,Contrast injection,N/A,Radiology,1,piece
AAML-RAD-00109,IV Cannula - 22G - 22G,Disposable,piece,22G,CT|MRI|US|IR|NM|PET,Consumable|Workflow,CHG-RAD-00109,CHG-RAD-00109,2,9,Disposable consumable used per exam/procedure setup.,IV Cannula,22G,22G,N/A,1 unit typical,Per protocol,,Room,Penumbra,Single use only where applicable,,,Contrast injection,N/A,Radiology,1,piece
AAML-RAD-00110,Syringe - 5 mL - 5 mL,Disposable,piece,5 mL,CT|MRI|US|IR|NM|PET,Consumable|Workflow,CHG-RAD-00110,CHG-RAD-00110,2,9,Disposable consumable used per exam/procedure setup.,Syringe,5 mL,5 mL,N/A,1 unit typical,Per protocol,,Room,Guerbet,Single use only where applicable,,,Manual injection,N/A,Radiology,1,piece
AAML-RAD-00111,Syringe - 10 mL - 10 mL,Disposable,piece,10 mL,CT|MRI|US|IR|NM|PET,Consumable|Workflow,CHG-RAD-00111,CHG-RAD-00111,2,9,Disposable consumable used per exam/procedure setup.,Syringe,10 mL,10 mL,N/A,1 unit typical,Per protocol,,Room,Jubilant Radiopharma,Single use only where applicable,,,Manual injection,N/A,Radiology,1,piece
AAML-RAD-00112,Syringe - 20 mL - 20 mL,Disposable,piece,20 mL,CT|MRI|US|IR|NM|PET,Consumable|Workflow,CHG-RAD-00112,CHG-RAD-00112,2,9,Disposable consumable used per exam/procedure setup.,Syringe,20 mL,20 mL,N/A,1 unit typical,Per protocol,,Room,Jubilant Radiopharma,Single use only where applicable,,,Manual injection,N/A,Radiology,1,piece
AAML-RAD-00113,Injector syringe - 200 mL - 200 mL,Disposable,piece,200 mL,CT|MRI|US|IR|NM|PET,Consumable|Workflow,CHG-RAD-00113,CHG-RAD-00113,2,9,Disposable consumable used per exam/procedure setup.,Injector syringe,200 mL,200 mL,N/A,1 unit typical,Per protocol,,Room,Penumbra,Single use only where applicable,,,CT contrast injector,N/A,Radiology,1,piece
AAML-RAD-00114,Extension tubing - Standard - Standard,Disposable,piece,Standard,CT|MRI|US|IR|NM|PET,Consumable|Workflow,CHG-RAD-00114,CHG-RAD-00114,2,9,Disposable consumable used per exam/procedure setup.,Extension tubing,Standard,Standard,N/A,1 unit typical,Per protocol,,Room,Lantheus,Single use only where applicable,,,Injector system,N/A,Radiology,1,piece
AAML-RAD-00115,Sterile gloves - Size 6 - Size 6,Disposable,pair,Size 6,CT|MRI|US|IR|NM|PET,Consumable|Workflow,CHG-RAD-00115,CHG-RAD-00115,2,9,Disposable consumable used per exam/procedure setup.,Sterile gloves,Size 6,Size 6,N/A,1 unit typical,Per protocol,,Room,Cardinal Health,Single use only where applicable,,,Procedures,N/A,Radiology,1,pair
AAML-RAD-00116,Sterile gloves - Size 7 - Size 7,Disposable,pair,Size 7,CT|MRI|US|IR|NM|PET,Consumable|Workflow,CHG-RAD-00116,CHG-RAD-00116,2,9,Disposable consumable used per exam/procedure setup.,Sterile gloves,Size 7,Size 7,N/A,1 unit typical,Per protocol,,Room,Sirtex,Single use only where applicable,,,Procedures,N/A,Radiology,1,pair
AAML-RAD-00117,Sterile gloves - Size 8 - Size 8,Disposable,pair,Size 8,CT|MRI|US|IR|NM|PET,Consumable|Workflow,CHG-RAD-00117,CHG-RAD-00117,2,9,Disposable consumable used per exam/procedure setup.,Sterile gloves,Size 8,Size 8,N/A,1 unit typical,Per protocol,,Room,Cook Medical,Single use only where applicable,,,Procedures,N/A,Radiology,1,pair
AAML-RAD-00118,Sterile gloves - Size 9 - Size 9,Disposable,pair,Size 9,CT|MRI|US|IR|NM|PET,Consumable|Workflow,CHG-RAD-00118,CHG-RAD-00118,2,9,Disposable consumable used per exam/procedure setup.,Sterile gloves,Size 9,Size 9,N/A,1 unit typical,Per protocol,,Room,Curium,Single use only where applicable,,,Procedures,N/A,Radiology,1,pair
AAML-RAD-00119,Sterile drapes - 40x40 cm - 40x40 cm,Disposable,piece,40x40 cm,CT|MRI|US|IR|NM|PET,Consumable|Workflow,CHG-RAD-00119,CHG-RAD-00119,2,9,Disposable consumable used per exam/procedure setup.,Sterile drapes,40x40 cm,40x40 cm,N/A,1 unit typical,Per protocol,,Room,Curium,Single use only where applicable,,,IR procedures,N/A,Radiology,1,piece
AAML-RAD-00120,Sterile drapes - 100x150 cm - 100x150 cm,Disposable,piece,100x150 cm,CT|MRI|US|IR|NM|PET,Consumable|Workflow,CHG-RAD-00120,CHG-RAD-00120,2,9,Disposable consumable used per exam/procedure setup.,Sterile drapes,100x150 cm,100x150 cm,N/A,1 unit typical,Per protocol,,Room,Mallinckrodt,Single use only where applicable,,,IR procedures,N/A,Radiology,1,piece
AAML-RAD-00121,Probe covers - Standard - Standard,Disposable,piece,Standard,CT|MRI|US|IR|NM|PET,Consumable|Workflow,CHG-RAD-00121,CHG-RAD-00121,2,9,Disposable consumable used per exam/procedure setup.,Probe covers,Standard,Standard,N/A,1 unit typical,Per protocol,,Room,Terumo,Single use only where applicable,,,Ultrasound,N/A,Radiology,1,piece
AAML-RAD-00122,ECG electrodes - Disposable set - Disposable set,Disposable,piece,Disposable set,CT|MRI|US|IR|NM|PET,Consumable|Workflow,CHG-RAD-00122,CHG-RAD-00122,2,9,Disposable consumable used per exam/procedure setup.,ECG electrodes,Disposable set,Disposable set,N/A,1 unit typical,Per protocol,,Room,Medtronic,Single use only where applicable,,,Cardiac CT,N/A,Radiology,1,piece
AAML-RAD-00123,Alcohol swabs - Single-use - Single-use,Disposable,piece,Single-use,CT|MRI|US|IR|NM|PET,Consumable|Workflow,CHG-RAD-00123,CHG-RAD-00123,2,9,Disposable consumable used per exam/procedure setup.,Alcohol swabs,Single-use,Single-use,N/A,1 unit typical,Per protocol,,Room,Merit Medical,Single use only where applicable,,,Skin prep,N/A,Radiology,1,piece
AAML-RAD-00124,Transparent IV dressing - 6x7 cm - 6x7 cm,Disposable,piece,6x7 cm,CT|MRI|US|IR|NM|PET,Consumable|Workflow,CHG-RAD-00124,CHG-RAD-00124,2,9,Disposable consumable used per exam/procedure setup.,Transparent IV dressing,6x7 cm,6x7 cm,N/A,1 unit typical,Per protocol,,Room,Sirtex,Single use only where applicable,,,Secure IV access,N/A,Radiology,1,piece
AAML-RAD-00125,High-pressure tubing - 150-300 psi - 150-300 psi,Disposable,piece,150-300 psi,CT|MRI|US|IR|NM|PET,Consumable|Workflow,CHG-RAD-00125,CHG-RAD-00125,2,9,Disposable consumable used per exam/procedure setup.,High-pressure tubing,150-300 psi,150-300 psi,N/A,1 unit typical,Per protocol,,Room,Merit Medical,Single use only where applicable,,,CT injector,N/A,Radiology,1,piece
AAML-RAD-00126,Saline flush syringe - 10 mL - 10 mL,Disposable,piece,10 mL,CT|MRI|US|IR|NM|PET,Consumable|Workflow,CHG-RAD-00126,CHG-RAD-00126,2,9,Disposable consumable used per exam/procedure setup.,Saline flush syringe,10 mL,10 mL,N/A,1 unit typical,Per protocol,,Room,Bracco,Single use only where applicable,,,Contrast flush,N/A,Radiology,1,piece
AAML-RAD-00127,Saline flush syringe - 20 mL - 20 mL,Disposable,piece,20 mL,CT|MRI|US|IR|NM|PET,Consumable|Workflow,CHG-RAD-00127,CHG-RAD-00127,2,9,Disposable consumable used per exam/procedure setup.,Saline flush syringe,20 mL,20 mL,N/A,1 unit typical,Per protocol,,Room,Siemens Healthineers,Single use only where applicable,,,Contrast flush,N/A,Radiology,1,piece
AAML-RAD-00128,Lead syringe shield - Standard - Standard,Disposable,piece,Standard,CT|MRI|US|IR|NM|PET,Consumable|Workflow,CHG-RAD-00128,CHG-RAD-00128,2,9,Disposable consumable used per exam/procedure setup.,Lead syringe shield,Standard,Standard,N/A,1 unit typical,Per protocol,,Room,Siemens Healthineers,Single use only where applicable,,,Nuclear medicine safety,N/A,Radiology,1,piece
AAML-RAD-00129,Procedure Consumable Kit Variant 129,Disposable,kit,Standard kit,CT|MRI|US|IR,Consumable|Kit,CHG-RAD-00129,CHG-RAD-00129,12,45,Bundled procedure support kit variant.,Procedure Consumable Kit,Variant 129,Standard,N/A,1 kit,Per protocol,,Room,Local Supplier,Single-use kit workflow item,,,Procedure preparation,,Radiology,1,kit
AAML-RAD-00130,Procedure Consumable Kit Variant 130,Disposable,kit,Standard kit,CT|MRI|US|IR,Consumable|Kit,CHG-RAD-00130,CHG-RAD-00130,12,45,Bundled procedure support kit variant.,Procedure Consumable Kit,Variant 130,Standard,N/A,1 kit,Per protocol,,Room,Local Supplier,Single-use kit workflow item,,,Procedure preparation,,Radiology,1,kit
AAML-RAD-00131,Procedure Consumable Kit Variant 131,Disposable,kit,Standard kit,CT|MRI|US|IR,Consumable|Kit,CHG-RAD-00131,CHG-RAD-00131,12,45,Bundled procedure support kit variant.,Procedure Consumable Kit,Variant 131,Standard,N/A,1 kit,Per protocol,,Room,Local Supplier,Single-use kit workflow item,,,Procedure preparation,,Radiology,1,kit
AAML-RAD-00132,Procedure Consumable Kit Variant 132,Disposable,kit,Standard kit,CT|MRI|US|IR,Consumable|Kit,CHG-RAD-00132,CHG-RAD-00132,12,45,Bundled procedure support kit variant.,Procedure Consumable Kit,Variant 132,Standard,N/A,1 kit,Per protocol,,Room,Local Supplier,Single-use kit workflow item,,,Procedure preparation,,Radiology,1,kit
AAML-RAD-00133,Procedure Consumable Kit Variant 133,Disposable,kit,Standard kit,CT|MRI|US|IR,Consumable|Kit,CHG-RAD-00133,CHG-RAD-00133,12,45,Bundled procedure support kit variant.,Procedure Consumable Kit,Variant 133,Standard,N/A,1 kit,Per protocol,,Room,Local Supplier,Single-use kit workflow item,,,Procedure preparation,,Radiology,1,kit
AAML-RAD-00134,Procedure Consumable Kit Variant 134,Disposable,kit,Standard kit,CT|MRI|US|IR,Consumable|Kit,CHG-RAD-00134,CHG-RAD-00134,12,45,Bundled procedure support kit variant.,Procedure Consumable Kit,Variant 134,Standard,N/A,1 kit,Per protocol,,Room,Local Supplier,Single-use kit workflow item,,,Procedure preparation,,Radiology,1,kit
AAML-RAD-00135,Procedure Consumable Kit Variant 135,Disposable,kit,Standard kit,CT|MRI|US|IR,Consumable|Kit,CHG-RAD-00135,CHG-RAD-00135,12,45,Bundled procedure support kit variant.,Procedure Consumable Kit,Variant 135,Standard,N/A,1 kit,Per protocol,,Room,Local Supplier,Single-use kit workflow item,,,Procedure preparation,,Radiology,1,kit
AAML-RAD-00136,Procedure Consumable Kit Variant 136,Disposable,kit,Standard kit,CT|MRI|US|IR,Consumable|Kit,CHG-RAD-00136,CHG-RAD-00136,12,45,Bundled procedure support kit variant.,Procedure Consumable Kit,Variant 136,Standard,N/A,1 kit,Per protocol,,Room,Local Supplier,Single-use kit workflow item,,,Procedure preparation,,Radiology,1,kit
AAML-RAD-00137,Procedure Consumable Kit Variant 137,Disposable,kit,Standard kit,CT|MRI|US|IR,Consumable|Kit,CHG-RAD-00137,CHG-RAD-00137,12,45,Bundled procedure support kit variant.,Procedure Consumable Kit,Variant 137,Standard,N/A,1 kit,Per protocol,,Room,Local Supplier,Single-use kit workflow item,,,Procedure preparation,,Radiology,1,kit
AAML-RAD-00138,Procedure Consumable Kit Variant 138,Disposable,kit,Standard kit,CT|MRI|US|IR,Consumable|Kit,CHG-RAD-00138,CHG-RAD-00138,12,45,Bundled procedure support kit variant.,Procedure Consumable Kit,Variant 138,Standard,N/A,1 kit,Per protocol,,Room,Local Supplier,Single-use kit workflow item,,,Procedure preparation,,Radiology,1,kit
AAML-RAD-00139,Procedure Consumable Kit Variant 139,Disposable,kit,Standard kit,CT|MRI|US|IR,Consumable|Kit,CHG-RAD-00139,CHG-RAD-00139,12,45,Bundled procedure support kit variant.,Procedure Consumable Kit,Variant 139,Standard,N/A,1 kit,Per protocol,,Room,Local Supplier,Single-use kit workflow item,,,Procedure preparation,,Radiology,1,kit
AAML-RAD-00140,Procedure Consumable Kit Variant 140,Disposable,kit,Standard kit,CT|MRI|US|IR,Consumable|Kit,CHG-RAD-00140,CHG-RAD-00140,12,45,Bundled procedure support kit variant.,Procedure Consumable Kit,Variant 140,Standard,N/A,1 kit,Per protocol,,Room,Local Supplier,Single-use kit workflow item,,,Procedure preparation,,Radiology,1,kit
AAML-RAD-00141,Procedure Consumable Kit Variant 141,Disposable,kit,Standard kit,CT|MRI|US|IR,Consumable|Kit,CHG-RAD-00141,CHG-RAD-00141,12,45,Bundled procedure support kit variant.,Procedure Consumable Kit,Variant 141,Standard,N/A,1 kit,Per protocol,,Room,Local Supplier,Single-use kit workflow item,,,Procedure preparation,,Radiology,1,kit
AAML-RAD-00142,Procedure Consumable Kit Variant 142,Disposable,kit,Standard kit,CT|MRI|US|IR,Consumable|Kit,CHG-RAD-00142,CHG-RAD-00142,12,45,Bundled procedure support kit variant.,Procedure Consumable Kit,Variant 142,Standard,N/A,1 kit,Per protocol,,Room,Local Supplier,Single-use kit workflow item,,,Procedure preparation,,Radiology,1,kit
AAML-RAD-00143,Procedure Consumable Kit Variant 143,Disposable,kit,Standard kit,CT|MRI|US|IR,Consumable|Kit,CHG-RAD-00143,CHG-RAD-00143,12,45,Bundled procedure support kit variant.,Procedure Consumable Kit,Variant 143,Standard,N/A,1 kit,Per protocol,,Room,Local Supplier,Single-use kit workflow item,,,Procedure preparation,,Radiology,1,kit
AAML-RAD-00144,Procedure Consumable Kit Variant 144,Disposable,kit,Standard kit,CT|MRI|US|IR,Consumable|Kit,CHG-RAD-00144,CHG-RAD-00144,12,45,Bundled procedure support kit variant.,Procedure Consumable Kit,Variant 144,Standard,N/A,1 kit,Per protocol,,Room,Local Supplier,Single-use kit workflow item,,,Procedure preparation,,Radiology,1,kit
AAML-RAD-00145,Procedure Consumable Kit Variant 145,Disposable,kit,Standard kit,CT|MRI|US|IR,Consumable|Kit,CHG-RAD-00145,CHG-RAD-00145,12,45,Bundled procedure support kit variant.,Procedure Consumable Kit,Variant 145,Standard,N/A,1 kit,Per protocol,,Room,Local Supplier,Single-use kit workflow item,,,Procedure preparation,,Radiology,1,kit
AAML-RAD-00146,Procedure Consumable Kit Variant 146,Disposable,kit,Standard kit,CT|MRI|US|IR,Consumable|Kit,CHG-RAD-00146,CHG-RAD-00146,12,45,Bundled procedure support kit variant.,Procedure Consumable Kit,Variant 146,Standard,N/A,1 kit,Per protocol,,Room,Local Supplier,Single-use kit workflow item,,,Procedure preparation,,Radiology,1,kit
AAML-RAD-00147,Procedure Consumable Kit Variant 147,Disposable,kit,Standard kit,CT|MRI|US|IR,Consumable|Kit,CHG-RAD-00147,CHG-RAD-00147,12,45,Bundled procedure support kit variant.,Procedure Consumable Kit,Variant 147,Standard,N/A,1 kit,Per protocol,,Room,Local Supplier,Single-use kit workflow item,,,Procedure preparation,,Radiology,1,kit
AAML-RAD-00148,Procedure Consumable Kit Variant 148,Disposable,kit,Standard kit,CT|MRI|US|IR,Consumable|Kit,CHG-RAD-00148,CHG-RAD-00148,12,45,Bundled procedure support kit variant.,Procedure Consumable Kit,Variant 148,Standard,N/A,1 kit,Per protocol,,Room,Local Supplier,Single-use kit workflow item,,,Procedure preparation,,Radiology,1,kit
AAML-RAD-00149,Procedure Consumable Kit Variant 149,Disposable,kit,Standard kit,CT|MRI|US|IR,Consumable|Kit,CHG-RAD-00149,CHG-RAD-00149,12,45,Bundled procedure support kit variant.,Procedure Consumable Kit,Variant 149,Standard,N/A,1 kit,Per protocol,,Room,Local Supplier,Single-use kit workflow item,,,Procedure preparation,,Radiology,1,kit
AAML-RAD-00150,Procedure Consumable Kit Variant 150,Disposable,kit,Standard kit,CT|MRI|US|IR,Consumable|Kit,CHG-RAD-00150,CHG-RAD-00150,12,45,Bundled procedure support kit variant.,Procedure Consumable Kit,Variant 150,Standard,N/A,1 kit,Per protocol,,Room,Local Supplier,Single-use kit workflow item,,,Procedure preparation,,Radiology,1,kit
AAML-RAD-00151,Procedure Consumable Kit Variant 151,Disposable,kit,Standard kit,CT|MRI|US|IR,Consumable|Kit,CHG-RAD-00151,CHG-RAD-00151,12,45,Bundled procedure support kit variant.,Procedure Consumable Kit,Variant 151,Standard,N/A,1 kit,Per protocol,,Room,Local Supplier,Single-use kit workflow item,,,Procedure preparation,,Radiology,1,kit
AAML-RAD-00152,Procedure Consumable Kit Variant 152,Disposable,kit,Standard kit,CT|MRI|US|IR,Consumable|Kit,CHG-RAD-00152,CHG-RAD-00152,12,45,Bundled procedure support kit variant.,Procedure Consumable Kit,Variant 152,Standard,N/A,1 kit,Per protocol,,Room,Local Supplier,Single-use kit workflow item,,,Procedure preparation,,Radiology,1,kit
AAML-RAD-00153,Procedure Consumable Kit Variant 153,Disposable,kit,Standard kit,CT|MRI|US|IR,Consumable|Kit,CHG-RAD-00153,CHG-RAD-00153,12,45,Bundled procedure support kit variant.,Procedure Consumable Kit,Variant 153,Standard,N/A,1 kit,Per protocol,,Room,Local Supplier,Single-use kit workflow item,,,Procedure preparation,,Radiology,1,kit
AAML-RAD-00154,Procedure Consumable Kit Variant 154,Disposable,kit,Standard kit,CT|MRI|US|IR,Consumable|Kit,CHG-RAD-00154,CHG-RAD-00154,12,45,Bundled procedure support kit variant.,Procedure Consumable Kit,Variant 154,Standard,N/A,1 kit,Per protocol,,Room,Local Supplier,Single-use kit workflow item,,,Procedure preparation,,Radiology,1,kit
AAML-RAD-00155,Procedure Consumable Kit Variant 155,Disposable,kit,Standard kit,CT|MRI|US|IR,Consumable|Kit,CHG-RAD-00155,CHG-RAD-00155,12,45,Bundled procedure support kit variant.,Procedure Consumable Kit,Variant 155,Standard,N/A,1 kit,Per protocol,,Room,Local Supplier,Single-use kit workflow item,,,Procedure preparation,,Radiology,1,kit
AAML-RAD-00156,Procedure Consumable Kit Variant 156,Disposable,kit,Standard kit,CT|MRI|US|IR,Consumable|Kit,CHG-RAD-00156,CHG-RAD-00156,12,45,Bundled procedure support kit variant.,Procedure Consumable Kit,Variant 156,Standard,N/A,1 kit,Per protocol,,Room,Local Supplier,Single-use kit workflow item,,,Procedure preparation,,Radiology,1,kit
AAML-RAD-00157,Procedure Consumable Kit Variant 157,Disposable,kit,Standard kit,CT|MRI|US|IR,Consumable|Kit,CHG-RAD-00157,CHG-RAD-00157,12,45,Bundled procedure support kit variant.,Procedure Consumable Kit,Variant 157,Standard,N/A,1 kit,Per protocol,,Room,Local Supplier,Single-use kit workflow item,,,Procedure preparation,,Radiology,1,kit
AAML-RAD-00158,Procedure Consumable Kit Variant 158,Disposable,kit,Standard kit,CT|MRI|US|IR,Consumable|Kit,CHG-RAD-00158,CHG-RAD-00158,12,45,Bundled procedure support kit variant.,Procedure Consumable Kit,Variant 158,Standard,N/A,1 kit,Per protocol,,Room,Local Supplier,Single-use kit workflow item,,,Procedure preparation,,Radiology,1,kit
AAML-RAD-00159,Procedure Consumable Kit Variant 159,Disposable,kit,Standard kit,CT|MRI|US|IR,Consumable|Kit,CHG-RAD-00159,CHG-RAD-00159,12,45,Bundled procedure support kit variant.,Procedure Consumable Kit,Variant 159,Standard,N/A,1 kit,Per protocol,,Room,Local Supplier,Single-use kit workflow item,,,Procedure preparation,,Radiology,1,kit
AAML-RAD-00160,Procedure Consumable Kit Variant 160,Disposable,kit,Standard kit,CT|MRI|US|IR,Consumable|Kit,CHG-RAD-00160,CHG-RAD-00160,12,45,Bundled procedure support kit variant.,Procedure Consumable Kit,Variant 160,Standard,N/A,1 kit,Per protocol,,Room,Local Supplier,Single-use kit workflow item,,,Procedure preparation,,Radiology,1,kit
AAML-RAD-00161,Procedure Consumable Kit Variant 161,Disposable,kit,Standard kit,CT|MRI|US|IR,Consumable|Kit,CHG-RAD-00161,CHG-RAD-00161,12,45,Bundled procedure support kit variant.,Procedure Consumable Kit,Variant 161,Standard,N/A,1 kit,Per protocol,,Room,Local Supplier,Single-use kit workflow item,,,Procedure preparation,,Radiology,1,kit
AAML-RAD-00162,Procedure Consumable Kit Variant 162,Disposable,kit,Standard kit,CT|MRI|US|IR,Consumable|Kit,CHG-RAD-00162,CHG-RAD-00162,12,45,Bundled procedure support kit variant.,Procedure Consumable Kit,Variant 162,Standard,N/A,1 kit,Per protocol,,Room,Local Supplier,Single-use kit workflow item,,,Procedure preparation,,Radiology,1,kit
AAML-RAD-00163,Procedure Consumable Kit Variant 163,Disposable,kit,Standard kit,CT|MRI|US|IR,Consumable|Kit,CHG-RAD-00163,CHG-RAD-00163,12,45,Bundled procedure support kit variant.,Procedure Consumable Kit,Variant 163,Standard,N/A,1 kit,Per protocol,,Room,Local Supplier,Single-use kit workflow item,,,Procedure preparation,,Radiology,1,kit
AAML-RAD-00164,Procedure Consumable Kit Variant 164,Disposable,kit,Standard kit,CT|MRI|US|IR,Consumable|Kit,CHG-RAD-00164,CHG-RAD-00164,12,45,Bundled procedure support kit variant.,Procedure Consumable Kit,Variant 164,Standard,N/A,1 kit,Per protocol,,Room,Local Supplier,Single-use kit workflow item,,,Procedure preparation,,Radiology,1,kit
AAML-RAD-00165,Procedure Consumable Kit Variant 165,Disposable,kit,Standard kit,CT|MRI|US|IR,Consumable|Kit,CHG-RAD-00165,CHG-RAD-00165,12,45,Bundled procedure support kit variant.,Procedure Consumable Kit,Variant 165,Standard,N/A,1 kit,Per protocol,,Room,Local Supplier,Single-use kit workflow item,,,Procedure preparation,,Radiology,1,kit
AAML-RAD-00166,Procedure Consumable Kit Variant 166,Disposable,kit,Standard kit,CT|MRI|US|IR,Consumable|Kit,CHG-RAD-00166,CHG-RAD-00166,12,45,Bundled procedure support kit variant.,Procedure Consumable Kit,Variant 166,Standard,N/A,1 kit,Per protocol,,Room,Local Supplier,Single-use kit workflow item,,,Procedure preparation,,Radiology,1,kit
AAML-RAD-00167,Procedure Consumable Kit Variant 167,Disposable,kit,Standard kit,CT|MRI|US|IR,Consumable|Kit,CHG-RAD-00167,CHG-RAD-00167,12,45,Bundled procedure support kit variant.,Procedure Consumable Kit,Variant 167,Standard,N/A,1 kit,Per protocol,,Room,Local Supplier,Single-use kit workflow item,,,Procedure preparation,,Radiology,1,kit
AAML-RAD-00168,Procedure Consumable Kit Variant 168,Disposable,kit,Standard kit,CT|MRI|US|IR,Consumable|Kit,CHG-RAD-00168,CHG-RAD-00168,12,45,Bundled procedure support kit variant.,Procedure Consumable Kit,Variant 168,Standard,N/A,1 kit,Per protocol,,Room,Local Supplier,Single-use kit workflow item,,,Procedure preparation,,Radiology,1,kit
AAML-RAD-00169,Procedure Consumable Kit Variant 169,Disposable,kit,Standard kit,CT|MRI|US|IR,Consumable|Kit,CHG-RAD-00169,CHG-RAD-00169,12,45,Bundled procedure support kit variant.,Procedure Consumable Kit,Variant 169,Standard,N/A,1 kit,Per protocol,,Room,Local Supplier,Single-use kit workflow item,,,Procedure preparation,,Radiology,1,kit
AAML-RAD-00170,Procedure Consumable Kit Variant 170,Disposable,kit,Standard kit,CT|MRI|US|IR,Consumable|Kit,CHG-RAD-00170,CHG-RAD-00170,12,45,Bundled procedure support kit variant.,Procedure Consumable Kit,Variant 170,Standard,N/A,1 kit,Per protocol,,Room,Local Supplier,Single-use kit workflow item,,,Procedure preparation,,Radiology,1,kit
AAML-RAD-00171,Procedure Consumable Kit Variant 171,Disposable,kit,Standard kit,CT|MRI|US|IR,Consumable|Kit,CHG-RAD-00171,CHG-RAD-00171,12,45,Bundled procedure support kit variant.,Procedure Consumable Kit,Variant 171,Standard,N/A,1 kit,Per protocol,,Room,Local Supplier,Single-use kit workflow item,,,Procedure preparation,,Radiology,1,kit
AAML-RAD-00172,Procedure Consumable Kit Variant 172,Disposable,kit,Standard kit,CT|MRI|US|IR,Consumable|Kit,CHG-RAD-00172,CHG-RAD-00172,12,45,Bundled procedure support kit variant.,Procedure Consumable Kit,Variant 172,Standard,N/A,1 kit,Per protocol,,Room,Local Supplier,Single-use kit workflow item,,,Procedure preparation,,Radiology,1,kit
AAML-RAD-00173,Procedure Consumable Kit Variant 173,Disposable,kit,Standard kit,CT|MRI|US|IR,Consumable|Kit,CHG-RAD-00173,CHG-RAD-00173,12,45,Bundled procedure support kit variant.,Procedure Consumable Kit,Variant 173,Standard,N/A,1 kit,Per protocol,,Room,Local Supplier,Single-use kit workflow item,,,Procedure preparation,,Radiology,1,kit
